ROY|TANNER|Army|March|27|1951
RUSSELL|TANNER|Army|March|6|1947
RUSSELL|TANNER|Navy|May|27|1946
ROGER|TANNER|Army|October|3|1948
RONALD|TANNER|Navy|May|13|1967
RONALD|TANNER|Army|November|18|1946
RYAN|TANNER|Air Force|November|4|1983
ROY|TANNER|Marine Corps|February|13|1969
SAMUEL|TANNER|Marine Corps|May|17|1975
RONALD|TANNER|Army|October|26|1947
RUDY|TANNER|Army|December|28|1946
RONALD|TANNER|Army|February|26|1961
SCOTT|TANNER|Army|March|3|1951
RODNEY|TANNER|Air Force|March|28|1949
RONALD|TANNER|Air Force|August|1|1950
RONALD|TANNER|Army|June|11|1960
SCOTT|TANNER|Army|July|9|1962
STEVEN|TANNER|Army|September|28|1953
SHERMAN|TANNER|Air Force|October|14|1952
THOMAS|TANNER|Army|December|28|1946
TERRY|TANNER|Army|March|14|1949
STEVEN|TANNER|Army|January|9|1950
TERRY|TANNER|Army|May|14|1961
STEVEN|TANNER|Army|October|1|1960
STEVEN|TANNER|Navy|August|13|1947
SHANNON|TANNER|Army|May|20|1971
TERRY|TANNER|Marine Corps|February|26|1948
teddy|tanner|Marine Corps|January|19|1950
TERRY|TANNER|Navy|July|24|1946
TEDDY|TANNER|Air Force|June|27|1952
STEVE|TANNER|Army|August|6|1947
STANLEY|TANNER|Navy|November|16|1957
STEPHEN|TANNER|Air Force|March|19|1948
STANLEY|TANNER|Marine Corps|February|11|1949
TAMMY|TANNER|Air Force|October|30|1962
WALTER|USIAK|Marine Corps|December|10|1949
MICHAEL|USHMAN|Army|August|3|1949
JAMES|USILTON|Navy|May|22|1946
MICHAEL|USILTON|Air Force|October|10|1946
STEPHEN|USIATYNSKI|Army|November|29|1947
VERNON|USHMAN|Navy|September|1|1948
REYNOLDS|USLEAMAN|Army|November|27|1969
EVGENY|USHNURTCEV|Navy|January|24|1985
ronald|usiondek|Army|April|10|1947
francis|usis|Marine Corps|May|6|1952
alan|usinger|Air Force|June|26|1946
JIMMY|USLETON|Navy|April|15|1947
RICHARD|USLETON|Army|May|9|1950
MUHAMMAD|USMAN|Army|January|24|1949
JOE|USREY|Army|October|17|1952
DARRELL|USRY|Army|May|2|1954
STYLES|USREY|Navy|October|19|1946
RAMON|USON|Army|February|26|1947
MICHAEL|USOVICZ|Marine Corps|June|3|1960
HAROLD|USREY|Air Force|March|5|1947
RONALD|USREY|Army|March|1|1948
TERRY|USOFF|Army|October|30|1948
MICHAEL|USOWSKI|Army|April|1|1946
CARLTON|USRY|Army|March|28|1952
MICHAEL|USNDEK|Army|January|14|1947
GRADY|USREY|Marine Corps|April|7|1947
JIMMY|USRY|Army|July|1|1947
MARCEL|USSELMAN|Air Force|September|3|1963
STEPHEN|USSARY|Air Force|January|14|1949
BOBBY|USSERY|Navy|September|17|1962
LEO|USRY|Marine Corps|March|14|1949
BARON|USSERY|Navy|February|22|1948
JERRY|USRY|Army|June|25|1948
EUGENE|USRY|Army|January|19|1950
EDELL|USRY|Army|February|22|1952
JACKSON|USRY|Air Force|November|13|1948
KEVIN|USRY|Army|September|9|1957
MICKEY|USRY|Navy|April|30|1954
DAVID|USRY|Army|December|23|1947
MARTIN|USSELMAN|Navy|January|12|1955
ALEXANDER|USSELMAN|Army|December|2|1948
JOHN|USRY|Army|January|20|1947
JOHN|USS|Air Force|December|4|1947
MARK|USSELMAN|Navy|April|18|1953
DENNIS|USSERY|Navy|January|24|1950
JAMES|USSERY|Army|December|22|1951
JAMES|USSERY|Army|May|26|1946
JIMMY|USSERY|Air Force|June|28|1960
DAVID|USSERY|Army|November|26|1950
JIMMY|USSERY|Army|November|1|1950
PAUL|USSERY|Air Force|October|12|1947
RANDALL|USSERY|Air Force|May|31|1952
GARY|USSERY|Army|August|28|1952
FRANK|USSERY|Navy|July|28|1952
OTIS|USSERY|Marine Corps|August|3|1949
FLOYD|USSERY|Air Force|July|18|1946
CARL|USSERY|Army|February|16|1959
DARYL|USSERY|Army|January|10|1953
GILFORD|USSERY|Navy|July|24|1950
MARCUS|USSERY|Air Force|October|19|1947
MICHAEL|USSERY|Army|November|16|1949
JOHN|USSERY|Air Force|June|3|1950
TYRONE|USSERY|Army|February|13|1951
THAD|USSERY|Army|June|3|1947
ROY|USSERY|Navy|September|6|1948
ANTHONY|USSIO|Army|May|1|1948
SIDNEY|USSERY|Navy|September|11|1952
THOMAS|USSERY|Air Force|May|16|1966
DANIEL|UST|Navy|August|29|1946
WARREN|UST|Army|September|17|1955
ROBERT|USSERY|Navy|May|29|1950
william|ussery|Army|February|6|1957
RICHARD|USSERY|Navy|July|16|1955
RICKIE|USSERY|Navy|October|21|1954
RONNIE|USSERY|Marine Corps|February|11|1946
GARY|USSIA|Navy|October|5|1962
WILLIAM|USSERY|Navy|September|1|1950
TOMMY|VAN DYKE|Army|April|18|1947
ROGER|VAN DYKE|Army|December|8|1953
STEVEN|VAN DYKE|Navy|November|28|1952
RICHARD|VAN DYKE|Coast Guard|May|27|1948
thomas|van dyke|Army|December|29|1949
RICHARD|VAN DYKE|Army|August|27|1950
SHERMAN|VAN DYKE|Army|October|17|1957
VERRINDA|VAN DYKE|Navy|August|3|1975
SCOTT|VAN DYKE|Army|March|17|1947
ROBERT|VAN DYKE|Air Force|November|19|1948
STEVEN|VAN DYKE|Army|May|5|1954
ROBERT|VAN DYKE|Marine Corps|August|18|1949
WILLIAM|VAN DYKE|Army|January|16|1950
TERRY|VAN DYKE|Navy|December|7|1958
RICHARD|VAN DYKE|Navy|June|18|1947
ARNOLD|VAN DYNE|Navy|October|10|1952
STEPHEN|VAN DYNE|Army|October|25|1954
DAVID|VAN DYKEN|Air Force|January|1|1949
KENNETH|VAN DYNE|Navy|August|25|1947
TOBIN|VAN DYNE|Army|December|22|1966
TOBIN|VAN DYNE|Army|December|22|1966
CHRISTOPHER|VAN DYKEN|Marine Corps|December|15|1967
DOUGLAS|VAN DYKEN|Marine Corps|October|3|1961
CALVIN|VAN EE|Army|May|18|1947
WILLIAM|VAN ECK|Army|October|7|1946
JOHN|VAN EASTEREN|Air Force|January|3|1955
ROBERT|VAN EE|Navy|July|3|1952
ROBERT|VAN EE|Navy|July|3|1952
DEBORAH|VAN DYNE|Air Force|February|26|1959
ERROL|VAN EATON|Army|September|9|1947
WILLIAM|VAN DYKE|Army|October|15|1946
LEROY|VAN DYNE|Army|May|19|1951
RICHARD|VAN EATON|Navy|July|27|1948
ROBERT|VAN DYNE|Army|October|6|1949
RUSSELL|VAN EMAN|Army|October|7|1946
HAROLD|VAN EPPS|Marine Corps|August|7|1948
ROBERT|VAN EPPS|Army|March|24|1946
EDDIE|VAN EIDIE|Army|February|2|1949
JAMES|VAN EPPS|Army|April|18|1953
james|van eeckhoute|Navy|January|13|1954
LEROY|VAN EMBURGH|Marine Corps|August|30|1947
DONALD|VAN EECKHOUTE|Navy|June|27|1950
HAROLD|VAN EPPS|Marine Corps|August|7|1948
ROBERT|VAN EMAN|Marine Corps|February|26|1947
RONALD|VAN ELSEN|Air Force|November|13|1946
CARY|VAN EMAN|Air Force|October|2|1966
DENNIS|VAN EMAN|Army|February|11|1947
RAYMOND|VAN ERON|Army|October|8|1949
MARTIN|VAN ERP|Army|March|31|1951
PETER|VAN ERT|Army|April|18|1947
JOHN|VAN ERT|Army|December|11|1949
DAVID|VAN EPS|Army|November|17|1952
ROY|VAN EPPS|Air Force|August|4|1948
ANDY|VAN ESCH|Army|May|12|1947
BRETT|VAN ERSVELDE|Navy|December|21|1970
HENRY|VAN ESSEN|Army|May|6|1951
DENNIS|VAN ERT|Navy|April|24|1957
ROBERT|VAN ERON|Army|August|21|1949
STANLEY|VAN EPS|Navy|February|1|1953
GERARD|VAN ERON|Army|August|29|1962
ROSEMARY|VAN EPPS|Navy|March|12|1947
RONALD|VAN ETTEN|Marine Corps|August|10|1949
GORDON|VAN EVERY|Navy|May|21|1946
ROBERT|VAN ETTEN|Air Force|February|6|1970
BRUCE|VAN ETTEN|Army|June|15|1947
STEPHEN|VAN ETTEN|Air Force|June|7|1946
WILLIAM|VAN ETTEN|Navy|January|3|1949
MARSHALL|VAN ETTEN|Army|August|30|1947
MARTIN|VAN ETTEN|Marine Corps|April|11|1954
GEORGE|VAN ETTA|Army|June|9|1950
david|van etten|Army|June|7|1964
HARRY|VAN ETTEN|Marine Corps|April|4|1951
RICHARD|VAN ESSO|Navy|September|20|1955
JONATHAN|VAN ETTEN|Navy|February|20|1958
WILLIAM|VAN ETTEN|Air Force|August|16|1948
JAMES|Van ETTEN|Army|February|4|1947
ROBERT|WAGNER|Air Force|January|3|1949
ROBERT|WAGNER|Army|June|1|1946
ROBERT|WAGNER|Army|July|2|1947
RODNEY|WAGNER|Army|November|12|1951
ROBERT|WAGNER|Marine Corps|May|23|1946
ROBERT|WAGNER|Navy|February|27|1955
ROBERT|WAGNER|Marine Corps|March|11|1960
RODNEY|WAGNER|Air Force|September|2|1966
ROBERT|WAGNER|Air Force|August|22|1947
robert|wagner|Marine Corps|March|21|1951
RODNEY|WAGNER|Navy|June|21|1951
ROBERT|WAGNER|Navy|October|21|1953
ROBERT|WAGNER|Air Force|June|2|1966
ROBERT|WAGNER|Army|March|24|1949
ROBERT|WAGNER|Army|December|10|1956
ROBERT|WAGNER|Navy|January|16|1970
RODNEY|WAGNER|Air Force|April|22|1954
ROBERT|WAGNER|Army|January|15|1958
ROBERT|WAGNER|Air Force|August|20|1949
ROBERT|WAGNER|Army|July|23|1947
RONALD|WAGNER|Air Force|November|5|1951
ROGER|WAGNER|Army|March|24|1984
RONALD|WAGNER|Navy|August|3|1956
RONNIE|WAGNER|Army|January|28|1953
RONALD|WAGNER|Air Force|October|21|1949
RONALD|WAGNER|Army|February|15|1946
ROGER|WAGNER|Army|June|8|1951
ROSEANNE|WAGNER|Navy|April|13|1949
RONALD|WAGNER|Army|May|5|1957
ROGER|WAGNER|Army|October|22|1948
ROLAND|WAGNER|Army|October|30|1949
ROGER|WAGNER|Army|December|25|1950
RONALD|WAGNER|Marine Corps|March|24|1967
RONALD|WAGNER|Marine Corps|December|24|1949
ROSEMARY|WAGNER|Marine Corps|July|3|1952
RONALD|WAGNER|Navy|March|15|1952
SHIRLEY|WAGNER|Army|December|7|1955
RUSSELL|WAGNER|Navy|February|19|1959
ROY|WAGNER|Army|September|16|1947
SCOTT|WAGNER|Navy|July|21|1948
STANLEY|WAGNER|Army|June|16|1954
RUSSELL|WAGNER|Army|August|7|1959
ROY|WAGNER|Army|October|12|1946
STANLEY|WAGNER|Army|February|11|1946
RUSSELL|WAGNER|Navy|April|15|1956
SCOTT|WAGNER|Air Force|March|31|1962
ROY|WAGNER|Marine Corps|February|19|1958
RUDOLPH|WAGNER|Army|October|23|1954
RUSSELL|WAGNER|Air Force|June|7|1951
SCOT|WAGNER|Air Force|July|26|1957
SCOTT|WAGNER|Air Force|January|14|1960
SCOTT|WAGNER|Marine Corps|January|8|1968
SHELDON|WAGNER|Navy|March|27|1946
ROY|WAGNER|Air Force|October|6|1954
RUSSELL|WAGNER|Army|June|21|1952
STEVEN|WAGNER|Marine Corps|February|26|1948
STEVEN|WAGNER|Army|April|15|1949
STEVEN|WAGNER|Air Force|February|13|1954
STEVEN|WAGNER|Army|October|21|1956
STEPHEN|WAGNER|Army|July|19|1954
STEVE|WAGNER|Navy|February|2|1955
STEPHEN|WAGNER|Army|July|27|1946
STEPHEN|WAGNER|Army|June|1|1946
STEPHEN|WAGNER|Navy|November|26|1952
STEVEN|WAGNER|Navy|September|8|1948
STEVEN|WAGNER|Air Force|December|11|1950
STEPHEN|WAGNER|Army|August|3|1946
STEVEN|WAGNER|Navy|May|9|1958
STEVEN|WAGNER|Army|April|15|1949
STEVEN|WAGNER|Army|December|12|1954
STEPHEN|WAGNER|Navy|January|20|1948
STEPHEN|WAGNER|Navy|November|2|1950
STEVEN|WAGNER|Army|February|9|1956
STEPHEN|WAGNER|Navy|March|30|1948
STEPHEN|WAGNER|Army|November|25|1956
STEVEN|WAGNER|Army|January|3|1957
STEPHEN|WAGNER|Army|June|7|1950
TERRY|WAGNER|Army|April|2|1948
TERRY|WAGNER|Army|January|1|1947
THOMAS|WAGNER|Air Force|June|24|1949
TERRY|WAGNER|Army|September|14|1950
TERRY|WAGNER|Army|July|12|1947
TERRY|WAGNER|Navy|February|23|1946
THOMAS|WAGNER|Army|November|17|1950
TERRY|WAGNER|Army|January|30|1948
THOMAS|WAGNER|Navy|May|14|1953
terry|wagner|Army|October|15|1947
TERRY|WAGNER|Army|October|15|1947
TERRY|WAGNER|Army|April|3|1951
THOMAS|WAGNER|Navy|March|3|1952
THOMAS|WAGNER|Marine Corps|August|6|1950
STEVEN|YEATER|Army|June|4|1967
JOSEPH|YEATER|Army|February|29|1948
JAMES|YEATER|Army|March|27|1948
GENE|YEATMAN|Air Force|September|11|1953
DAVID|YEATES|Navy|February|27|1965
WILLIAM|YEATER|Air Force|July|18|1951
JOHN|YEATER|Navy|September|17|1946
ALEX|YEATES|Army|January|17|1950
JAMES|YEATER|Marine Corps|July|18|1946
STEPHEN|YEATER|Air Force|September|12|1961
JOHN|YEATER|Army|September|25|1946
JON|YEATER|Army|March|27|1953
TIMOTHY|YEATER|Air Force|December|16|1955
DAVID|YEATMAN|Army|September|18|1950
JAMES|YEATER|Army|November|19|1947
LESTER|YEATER|Marine Corps|November|7|1952
DAVID|YEATS|Navy|January|16|1959
JOEL|YEATMAN|Air Force|July|7|1948
MICHAEL|YEATS|Army|January|2|1954
JAMES|YEATTS|Army|January|5|1949
KEVIN|YEATS|Army|March|3|1954
DAVID|YEATTS|Air Force|September|3|1946
RYLAND|YEATMAN|Army|September|21|1946
judith|yeatman|Army|September|20|1947
CHARLES|YEATTS|Navy|November|13|1947
ROGER|YEATS|Navy|August|29|1952
DEBRA|YEATTS|Army|April|11|1959
JOHNNY|YEATMAN|Army|January|6|1953
THOMAS|YEATMAN|Army|August|4|1949
THOMAS|YEATS|Army|December|1|1946
JAMES|YEATTS|Army|November|14|1947
DONALD|YEAW|Navy|November|10|1958
LAWRENCE|YEAW|Air Force|January|27|1950
RICHARD|YEATTS|Air Force|October|12|1948
GARY|YEAW|Marine Corps|January|12|1949
JASON|YEAUGER|Air Force|September|9|1974
RICHARD|YEAZLE|Army|April|13|1950
THOMAS|YEAZELL|Army|July|24|1948
DAVID|YEAZELL|Army|July|2|1965
LARRY|YEATTS|Navy|January|6|1953
GARY|YEAW|Marine Corps|January|12|1949
MEL|YECK|Army|October|15|1952
KEVIN|YEAZELL|Marine Corps|March|1|1956
DAVID|YEAZLE|Army|February|14|1949
BRUCE|YECK|Army|November|29|1947
DONALD|YEBBA|Air Force|September|8|1955
JAMES|YEDINAK|Army|July|18|1949
LADEANA|YEDNOCK|Navy|September|21|1965
JOSEPH|YEDYNAK|Marine Corps|February|27|1950
CARL|YEE|Army|November|4|1946
DONALD|YECKERING|Army|February|28|1946
WAYNE|YEDDO|Army|May|10|1947
TIMOTHY|YECK|Marine Corps|November|16|1946
RALPH|YEDDO|Army|June|21|1946
EDWARD|YECKEL|Air Force|June|11|1961
WILLIAM|YECK|Army|September|3|1954